epoch,time,train/box_loss,train/cls_loss,train/dfl_loss,metrics/precision(B),metrics/recall(B),metrics/mAP50(B),metrics/mAP50-95(B),val/box_loss,val/cls_loss,val/dfl_loss,lr/pg0,lr/pg1,lr/pg2
1,1398.74,1.23763,1.67792,1.24569,0.96901,0.70399,0.71523,0.43672,1.36447,1.03181,1.34127,0.00333082,0.00333082,0.00333082
2,3440.36,1.23297,0.86952,1.23143,0.98015,0.64775,0.66899,0.4273,1.35671,0.77903,1.30311,0.00665755,0.00665755,0.00665755
3,5683.76,1.27618,0.82426,1.27224,0.95557,0.75938,0.77571,0.48646,1.36074,0.77005,1.31808,0.00997769,0.00997769,0.00997769
